{"actual_hist": {"counts": [555, 1306, 2806, 5512, 9894, 16232, 24337, 33348, 41763, 47799, 50000, 47799, 41763, 33348, 24337, 16232, 9894, 5512, 2806, 1306], "bin_edges": [-0.10799999999999998, -0.09719999999999998, -0.08639999999999999, -0.07559999999999999, -0.0648, -0.05399999999999999, -0.04319999999999999, -0.0324, -0.021599999999999994, -0.01079999999999999, 0.0, 0.010800000000000004, 0.021600000000000008, 0.03240000000000001, 0.04319999999999999, 0.05399999999999999, 0.0648, 0.0756, 0.0864, 0.09719999999999998, 0.10799999999999998]}, "pred_hist": {"counts": [555, 1306, 2806, 5512, 9894, 16232, 24337, 33348, 41763, 47799, 50000, 47799, 41763, 33348, 24337, 16232, 9894, 5512, 2806, 1306], "bin_edges": [-0.006, -0.0054, -0.0048000000000000004, -0.0042, -0.0036, -0.003, -0.0024, -0.0017999999999999995, -0.0011999999999999997, -0.0005999999999999998, 0.0, 0.0006000000000000007, 0.0012000000000000005, 0.0018000000000000004, 0.002400000000000001, 0.003000000000000001, 0.0036000000000000008, 0.004200000000000001, 0.0048000000000000004, 0.0054, 0.006]}, "residual_hist": {"counts": [555, 1306, 2806, 5512, 9894, 16232, 24337, 33348, 41763, 47799, 50000, 47799, 41763, 33348, 24337, 16232, 9894, 5512, 2806, 1306], "bin_edges": [-0.10799999999999998, -0.09719999999999998, -0.08639999999999999, -0.07559999999999999, -0.0648, -0.05399999999999999, -0.04319999999999999, -0.0324, -0.021599999999999994, -0.01079999999999999, 0.0, 0.010800000000000004, 0.021600000000000008, 0.03240000000000001, 0.04319999999999999, 0.05399999999999999, 0.0648, 0.0756, 0.0864, 0.09719999999999998, 0.10799999999999998]}, "test_pred_hist": {"counts": [555, 1306, 2806, 5512, 9894, 16232, 24337, 33348, 41763, 47799, 50000, 47799, 41763, 33348, 24337, 16232, 9894, 5512, 2806, 1306], "bin_edges": [-0.006, -0.0054, -0.0048000000000000004, -0.0042, -0.0036, -0.003, -0.0024, -0.0017999999999999995, -0.0011999999999999997, -0.0005999999999999998, 0.0, 0.0006000000000000007, 0.0012000000000000005, 0.0018000000000000004, 0.002400000000000001, 0.003000000000000001, 0.0036000000000000008, 0.004200000000000001, 0.0048000000000000004, 0.0054, 0.006]}, "scatter": {"actual": [-0.017250272562430436, -0.0066837231598974155, -0.03982805906421701, -0.04306343846690414, 0.029250929606191127, 0.04882464102854962, -0.0025923643768920182, 0.03612718432411287, 0.013018896901714828, -0.02322431116578447, 0.0130102417983029, 0.055369316392774884, -0.0012897374079582553, 0.05632717160930422, -0.0943108237472308, 0.029588490157508057, 0.0031336944565741637, -0.010764264616771227, 0.0033033879552780824, -0.07155248092563214, -0.00790818796215043, 0.01285605257442287, 0.05320418561069457, -0.018657727857851303, -0.029105769704154752, -0.018063253569043314, 0.03295447623727467, 0.01183503994774864, -0.019071367335613397, 0.01847762759208082, 0.0034947917765294537, 0.03487121965918401, -0.025273911379584683, -0.011795837277519655, -0.014115893512757674, -0.05268653813275626, 0.010660329974324737, 0.009397989798476015, 0.00018408443912859202, -0.008445136801505288, -0.05095334671381491, -0.015143231619552925, -0.0123377225949637, -0.028881981691978278, -0.0058062856199763285, 0.014545830845323382, 0.06790269244357908, 0.006284801261946202, 0.009271814066019516, -0.0026800529675820193, -0.06907576375076549, -0.0009544995161718076, 0.0021682875578769517, 0.08867671604947029, -0.006924994732120411, 0.010855704324010049, -0.0012496237093887592, -0.04207240935430315, 0.04114162132254073, 0.027069589176723866, 0.028477150093549685, -0.0327379483726106, 0.050500595193699566, -0.050466638260522105, 0.02112685537680973, 0.07885640252915922, -0.035659307704704775, -0.020386718265699787, 0.0035874491431550836, -0.01812512354818317, -0.055823883518380774, 0.0024682670930169836, -0.03824293369413977, 0.017049327502866536, -0.033099272432416914, 0.055797638580631415, -0.028197118524104534, -0.01159421458340432, 0.02928661982530811, -0.044311115391622385, 0.008188557645748658, 0.047057139154167406, -0.057869396444204184, 0.006646818907162951, 0.009355780592943246, 0.02814562338398317, -0.04453022559161095, -0.04753643807103394, 0.018789896362208312, 0.010691448236394696, 0.009017742612451555, 0.012472135541891124, -0.024480889976825668, 0.008361133097796127, 0.010550609038752524, -0.02571665104894924, 0.06716788240121123, 0.017057985152824348, -0.042886925899295346, 0.02363592991081787], "predicted": [-0.001949363340454643, 0.001574169207484904, 0.002317191158014808, -0.0016413646367034209, 0.0019267522584886436, 0.0008255618538729967, 0.00164412031998898, 0.0037935859653078947, -0.000490776232005741, -0.0015074723287149792, -0.0017790288592510466, -0.0016316205699308767, -0.0001542034188282084, 0.0006823039496332878, 0.0005533815986600381, 0.0016543664980720476, 2.6003783755814038e-05, 0.0029070681543146336, -0.0005293136664759121, 0.005440338333179238, 0.0012513346955300125, -0.0017143151128325652, -0.0021417849961222245, 0.0009649448304863706, -0.0004469255706517018, 0.001428000988184184, 0.0009464752491470897, -0.00014565782531374556, -0.00169358743613681, -0.0030296944493717294, -0.0008930299041340422, 0.0017127975886469446, 0.0004281874882604079, -0.002491477557423976, 0.000346361851702364, 0.0007706347594576736, -0.001767714872402266, 0.00030745021189105583, 0.0001164174368919998, -0.002285940595661246, 0.0007155747206965666, 0.0011215690527364688, 0.002166102486350554, 0.002107604104069806, -0.002755338735914182, -0.0018756500798302457, 0.0010300705344173195, 0.0010275719018244176, 0.0010300953726120959, 0.007705462981309442, 0.001141781021386334, 0.002271131280361198, 0.0019080035269864047, 0.001302782502611596, -0.0006305384892806912, 0.001517938440986535, -0.0015456504290751437, -0.00047363721348001774, -0.000970727095658207, 0.00016374827877264512, 0.0046293171333470174, -0.003734530385183496, 0.001372520380749027, -0.0032254317423793034, -0.000943863731578867, 0.0021779011939347323, 0.00012856003819092555, -0.002155489555858612, -0.0014306074185199366, 0.0013591954978693518, -0.0014607332634342734, 0.00043291717916394974, 9.114367980762757e-05, -0.0013032006952116342, 0.004287888178650652, 0.0012678380446360224, -0.004050285173315214, 0.0003729086295388553, -0.001323572929536776, 0.0017048666695924479, -0.0015850414768654013, -0.00022947288293379803, 0.0010099745579609143, 0.001731510388340243, -0.0024005928141115525, -0.0006690024716818968, -0.0009498906223219123, -0.0013066584651474239, 0.003530908480562194, 0.0008099634219219111, -0.0025217679086700904, 0.0018357238941095523, 0.0042443123940252665, 0.0020649305211022937, -0.003038739931908027, -0.0009684681457325028, 0.0025338222983732456, -0.0014153389312375616, 0.0008876388562924569, 0.0015492681068586735]}, "actual_stats": {"mean": -3e-05, "std": 0.03666, "min": -0.21, "max": 0.28}, "pred_stats": {"mean": 1e-05, "std": 0.0025, "min": -0.015, "max": 0.018}}