{
  "strategies": {
    "v1_std_scaling": {
      "factor": 44.00830029976192,
      "mean": -0.002470859792504343,
      "std": 0.03666039808150618
    },
    "v2_quantile": {
      "formula": "y = 42.678060*x + 0.003776",
      "mean": 0.0013798189758869876,
      "std": 0.03555226336786798
    },
    "v3_rank": {
      "method": "rank_matching",
      "mean": -3.891959744397306e-05,
      "std": 0.03662247031053823
    },
    "v4_aggressive": {
      "factor": 10,
      "clipping": [
        -1.2854241798649892,
        1.3469818774808244
      ],
      "mean": -0.0005614531294492438,
      "std": 0.00833033719361902
    },
    "ensemble": {
      "method": "average_of_all_4",
      "mean": -0.00042285338587764326,
      "std": 0.02919621157743774
    }
  },
  "target_stats": {
    "mean": -3.567220577189698e-05,
    "std": 0.036660402482336214,
    "min": -1.2854241798649892,
    "max": 1.3469818774808244
  },
  "original_pred_stats": {
    "mean": -5.6145312944924415e-05,
    "std": 0.000833033719361902,
    "min": -0.0110575053219068,
    "max": 0.0089185628058686
  }
}